,train_r2,test_r2,train_rmse,test_rmse,cv_r2_mean,cv_r2_std
X_CO2,0.9999450890212254,0.9919992347152277,0.22608875655111382,2.582391689606086,-0.9861840165381139,1.9190790274799712
Y_MeOH,0.9893762762600676,0.988698135751467,0.05153128419870207,0.05316279355512246,0.4809803202382792,0.4002737720918462
